{
  "accuracy": 0.6777777777777778,
  "recall": 0.8105263157894737,
  "f1": 0.7611202635914333
}